{
  "schemaVersion": 1,
  "id": "croissant",

  "version": "${version}",

  "name": "Croissant mod",
  "description": "This is an example description! Tell everyone what your mod is about!",
  "authors": [
    "Me!"
  ],
  "contact": {
    "homepage": "https://fabricmc.net/",
    "sources": "https://github.com/FabricMC/fabric-example-mod"
  },

  "license": "CC0-1.0",
  "icon": "assets/croissant/icon.png",

  "environment": "*",
  "entrypoints": {
    "main": [
      "net.fabricmc.croissant.CroissantMod"
    ]
  },
  "mixins": [
    "croissant.mixins.json"
  ],

  "depends": {
    "fabricloader": ">=0.14.19",
    "fabric-api": "*",
    "minecraft": "~1.19.4",
    "java": ">=17"
  },
  "suggests": {
    "another-mod": "*"
  }
}
